{
  "total_samples": 1088,
  "evaluated": 1088,
  "skipped": 0,
  "asr_latency_mean_s": 1.0999707024354446,
  "asr_latency_median_s": 1.0263243205845356,
  "asr_latency_p95_s": 1.5686142053455112,
  "asr_latency_p99_s": 4.251863186946139,
  "asr_total_time_s": 37.458733703009784,
  "asr_latency_sum_s": 1196.7681242497638,
  "asr_throughput_samples_per_s": 29.045295781383555,
  "asr_rtf_mean": 0.25918241828167615,
  "asr_rtf_median": 0.2336685232310598,
  "asr_audio_processed_s": 4788.64,
  "asr_model": "Qwen/Qwen3-ASR-1.7B",
  "asr_concurrency": 32
}