{
  "total_samples": 1088,
  "evaluated": 1088,
  "skipped": 0,
  "asr_latency_mean_s": 0.7074225838415955,
  "asr_latency_median_s": 0.6531071732752025,
  "asr_latency_p95_s": 1.023764218855649,
  "asr_latency_p99_s": 2.4612811161763966,
  "asr_total_time_s": 24.126511240378022,
  "asr_latency_sum_s": 769.6757712196559,
  "asr_throughput_samples_per_s": 45.095620712004475,
  "asr_rtf_mean": 0.16667260174267692,
  "asr_rtf_median": 0.1527276330179561,
  "asr_audio_processed_s": 4788.64,
  "asr_model": "Qwen/Qwen3-ASR-1.7B",
  "asr_concurrency": 32
}