{
  "total_samples": 1088,
  "evaluated": 1088,
  "skipped": 0,
  "asr_latency_mean_s": 0.7824167561835459,
  "asr_latency_median_s": 0.6820738408714533,
  "asr_latency_p95_s": 1.0534030505921688,
  "asr_latency_p99_s": 4.1950151433423155,
  "asr_total_time_s": 26.659097677096725,
  "asr_latency_sum_s": 851.2694307276979,
  "asr_throughput_samples_per_s": 40.811583841966225,
  "asr_rtf_mean": 0.18635083502409328,
  "asr_rtf_median": 0.1580589207438415,
  "asr_audio_processed_s": 4788.64,
  "asr_model": "Qwen/Qwen3-ASR-1.7B",
  "asr_concurrency": 32
}