{
  "base": {
    "max_s": 122.16378302592784,
    "mean_s": 118.43054892402142,
    "min_s": 114.697314822115,
    "n": 2,
    "values_s": [
      122.16378302592784,
      114.697314822115
    ]
  },
  "candidate": {
    "max_s": 91.40337156038731,
    "mean_s": 87.53984853578731,
    "min_s": 83.67632551118731,
    "n": 2,
    "values_s": [
      83.67632551118731,
      91.40337156038731
    ]
  },
  "delta_mean_pct": 26.083388677064985,
  "delta_mean_s": 30.89070038823411
}
