{
  "total_samples": 1088,
  "evaluated": 1088,
  "skipped": 0,
  "asr_latency_mean_s": 0.4028428620650255,
  "asr_latency_median_s": 0.3815308674238622,
  "asr_latency_p95_s": 0.6234677755739536,
  "asr_latency_p99_s": 1.1161037673521785,
  "asr_total_time_s": 13.775033633224666,
  "asr_latency_sum_s": 438.29303392674774,
  "asr_throughput_samples_per_s": 78.98347321459894,
  "asr_rtf_mean": 0.09447811095092064,
  "asr_rtf_median": 0.08682084283638614,
  "asr_audio_processed_s": 4788.64,
  "asr_model": "Qwen/Qwen3-ASR-1.7B",
  "asr_concurrency": 32
}