{
  "total_samples": 1088,
  "evaluated": 1088,
  "skipped": 0,
  "asr_latency_mean_s": 0.41782840468188037,
  "asr_latency_median_s": 0.39966638991609216,
  "asr_latency_p95_s": 0.658317901240661,
  "asr_latency_p99_s": 1.246631092354655,
  "asr_total_time_s": 14.262545510195196,
  "asr_latency_sum_s": 454.5973042938858,
  "asr_throughput_samples_per_s": 76.2837180237057,
  "asr_rtf_mean": 0.09821077717107472,
  "asr_rtf_median": 0.09146887539232841,
  "asr_audio_processed_s": 4788.64,
  "asr_model": "Qwen/Qwen3-ASR-1.7B",
  "asr_concurrency": 32
}