{
  "total_samples": 1088,
  "evaluated": 1088,
  "skipped": 0,
  "asr_latency_mean_s": 0.3999847685224856,
  "asr_latency_median_s": 0.39939981512725353,
  "asr_latency_p95_s": 0.5837725492194294,
  "asr_latency_p99_s": 0.6916769057605415,
  "asr_total_time_s": 13.660437692888081,
  "asr_latency_sum_s": 435.18342815246433,
  "asr_throughput_samples_per_s": 79.646057063489,
  "asr_rtf_mean": 0.09272870918613875,
  "asr_rtf_median": 0.09167125747044491,
  "asr_audio_processed_s": 4788.64,
  "asr_model": "Qwen/Qwen3-ASR-1.7B",
  "asr_concurrency": 32
}