{
  "total_samples": 1088,
  "evaluated": 1088,
  "skipped": 0,
  "asr_latency_mean_s": 0.3890557819395326,
  "asr_latency_median_s": 0.3695106799714267,
  "asr_latency_p95_s": 0.5959820978343486,
  "asr_latency_p99_s": 1.205721089048311,
  "asr_total_time_s": 13.307245674543083,
  "asr_latency_sum_s": 423.2926907502115,
  "asr_throughput_samples_per_s": 81.75996946395577,
  "asr_rtf_mean": 0.09145935021194193,
  "asr_rtf_median": 0.08366822663031129,
  "asr_audio_processed_s": 4788.64,
  "asr_model": "Qwen/Qwen3-ASR-1.7B",
  "asr_concurrency": 32
}