{
  "total_samples": 1088,
  "evaluated": 1088,
  "skipped": 0,
  "asr_latency_mean_s": 0.388374874715844,
  "asr_latency_median_s": 0.36637666542083025,
  "asr_latency_p95_s": 0.5986101765651254,
  "asr_latency_p99_s": 1.2040700159966944,
  "asr_total_time_s": 13.261798727326095,
  "asr_latency_sum_s": 422.5518636908382,
  "asr_throughput_samples_per_s": 82.0401532529794,
  "asr_rtf_mean": 0.09113911736687931,
  "asr_rtf_median": 0.08383789126617977,
  "asr_audio_processed_s": 4788.64,
  "asr_model": "Qwen/Qwen3-ASR-1.7B",
  "asr_concurrency": 32
}